Topic,GPT-3,GPT-3 CoT,Codex Zero-Shot,Codex Few-Shot
Prealgebra,0.4666666667,0.66666667,0.8,0.8666666667
Algebra,0.2666666667,0.66666667,0.7333333333,0.8
Number Theory,0.3333333333,0.4,0.8,0.9333333333
Counting & Probability,0.2666666667,0.33333333,0.9333333333,0.9333333333
Intermediate Algebra,0.06666666667,0.06666667,0.4,0.5333333333
Precalculus,0.1333333333,0.4,0.6666666667,0.8
Total,0.2555555556,0.4222222233,0.7222222222,0.8111111111